GeneID,P-value,Significant,TrueDeltaSame,TrueDeltaDiff,
68,0.5634920634920635,no,-0.01,-0.013
109,0.5396825396825397,no,0.002,-0.003
185,1.0,no,-0.008,-0.009
249,1.0,no,0.001,0.001
524,0.7222222222222222,no,-0.005,-0.008
581,0.8253968253968254,no,-0.002,-0.004
695,0.7063492063492064,no,-0.001,-0.004
876,1.0,no,-0.019,-0.02
975,1.0,no,-0.019,-0.02
983,0.9841269841269841,no,-0.001,-0.002
1018,1.0,no,-0.019,-0.02
