Gene ID, P-value 
gene_75,0.03571428571428571
gene_116,0.03571428571428571
gene_140,0.03571428571428571
gene_187,0.03571428571428571
gene_358,0.03571428571428571
gene_391,0.03571428571428571
gene_395,0.03571428571428571
gene_398,0.03571428571428571
gene_411,0.03571428571428571
gene_443,0.03571428571428571
gene_495,0.03571428571428571
gene_502,0.03571428571428571
gene_528,0.03571428571428571
