GeneID,P-value,Significant,TrueDeltaSame,TrueDeltaDiff,
gene_15,0.02857142857142857,yes,0.655,0.436
gene_28,0.02857142857142857,yes,0.328,0.548
gene_32,0.02857142857142857,yes,0.555,0.32
gene_98,0.02857142857142857,yes,0.711,0.376
gene_147,0.02857142857142857,yes,0.658,0.316
gene_180,0.02857142857142857,yes,0.75,0.355
